{
  "best_model": "random_forest",
  "metrics": {
    "roc_auc": 0.9879425111486,
    "average_precision": 0.9898626652999813,
    "precision": 0.910267471958585,
    "recall": 0.9795728876508821,
    "f1": 0.943649373881932
  },
  "samples": 10000,
  "data_source": "synthetic",
  "split_mode": "random"
}