{
  "best_model": "random_forest",
  "metrics": {
    "roc_auc": 0.9783913565426171,
    "average_precision": 0.9777152197959981,
    "precision": 0.9130434782608695,
    "recall": 0.8571428571428571,
    "f1": 0.8842105263157894
  },
  "samples": 500,
  "data_source": "synthetic",
  "split_mode": "random"
}