{
  "best_model": "extra_trees",
  "metrics": {
    "roc_auc": 0.9689503205128206,
    "average_precision": 0.9667124627733754,
    "precision": 0.8990825688073395,
    "recall": 0.9423076923076923,
    "f1": 0.92018779342723
  },
  "samples": 1000,
  "data_source": "synthetic",
  "split_mode": "random"
}