{
  "best_model": "random_forest",
  "metrics": {
    "roc_auc": 0.9881738173817382,
    "average_precision": 0.988141566514069,
    "precision": 0.9023809523809524,
    "recall": 0.9570707070707071,
    "f1": 0.928921568627451
  },
  "samples": 4000
}