{
  "best_model": "random_forest",
  "metrics": {
    "roc_auc": 0.9866108734033263,
    "average_precision": 0.9886517954929646,
    "precision": 0.9032258064516129,
    "recall": 0.9790209790209791,
    "f1": 0.9395973154362416
  },
  "samples": 4000
}